valueSource,historyProvider,setpointA,name1,label,priority,timestampSource,opcItemPath,dataType,documentation,name,tooltip,historyEnabled,tagType,opcServer,,
opc,Edge Historian,1,Alarm 0.0,"DI TO TR1 TIMEOUT, [SSV-01 & 02], [0.0]",Medium,Value,ns=1;s=[ARTNS]FAULT_0.0,Boolean,"DI TO TR1 TIMEOUT, [SSV-01 & 02], [0.0]",Fault 0.0,,TRUE,AtomicTag,Ignition OPC UA Server,,
opc,Edge Historian,1,Alarm 0.1,"DI TO TR2 TIMEOUT, [SSV-01 & 03], [0.1]",Medium,Value,ns=1;s=[ARTNS]FAULT_0.1,Boolean,"DI TO TR2 TIMEOUT, [SSV-01 & 03], [0.1]",Fault 0.1,,,AtomicTag,Ignition OPC UA Server,,
opc,Edge Historian,1,Alarm 0.2,"HCL TO T3 VIA PUMP 1 TIMEOUT, [PMP-1, AOV-12], [0.2]",Medium,Value,ns=1;s=[ARTNS]FAULT_0.2,Boolean,"HCL TO T3 VIA PUMP 1 TIMEOUT, [PMP-1, AOV-12], [0.2]",Fault 0.2,,,AtomicTag,Ignition OPC UA Server,,
opc,Edge Historian,1,Alarm 0.3,"HCL TO T3 VIA PUMP 2 TIMEOUT, [PMP-2, AOV-15], [0.3]",Medium,Value,ns=1;s=[ARTNS]FAULT_0.3,Boolean,"HCL TO T3 VIA PUMP 2 TIMEOUT, [PMP-2, AOV-15], [0.3]",Fault 0.3,,,AtomicTag,Ignition OPC UA Server,,
opc,Edge Historian,1,Alarm 0.4,"HCL TO T4 VIA PUMP 1 TIMEOUT, [PMP-1, AOV-13], [0.4]",Medium,Value,ns=1;s=[ARTNS]FAULT_0.4,Boolean,"HCL TO T4 VIA PUMP 1 TIMEOUT, [PMP-1, AOV-13], [0.4]",Fault 0.4,,,AtomicTag,Ignition OPC UA Server,,
opc,Edge Historian,1,Alarm 0.5,"HCL TO T4 VIA PUMP 2 TIMEOUT, [PMP-2, AOV-16], [0.5]",Medium,Value,ns=1;s=[ARTNS]FAULT_0.5,Boolean,"HCL TO T4 VIA PUMP 2 TIMEOUT, [PMP-2, AOV-16], [0.5]",Fault 0.5,,,AtomicTag,Ignition OPC UA Server,,
opc,Edge Historian,1,Alarm 0.6,"HN03 TO T3 VIA PUMP 3 TIMEOUT, [PMP-3, AOV-20], [0.6]",Medium,Value,ns=1;s=[ARTNS]FAULT_0.6,Boolean,"HN03 TO T3 VIA PUMP 3 TIMEOUT, [PMP-3, AOV-20], [0.6]",Fault 0.6,,,AtomicTag,Ignition OPC UA Server,,
opc,Edge Historian,1,Alarm 0.7,"HN03 TO T3 VIA PUMP 4 TIMEOUT, [PMP-4, AOV-23], [0.7]",Medium,Value,ns=1;s=[ARTNS]FAULT_0.7,Boolean,"HN03 TO T3 VIA PUMP 4 TIMEOUT, [PMP-4, AOV-23], [0.7]",Fault 0.7,,,AtomicTag,Ignition OPC UA Server,,
opc,Edge Historian,1,Alarm 0.8,"LK01 TO NEUTRALIZATION TIMEOUT, [PMP-8, AOV2,3], [0.8]",Medium,Value,ns=1;s=[ARTNS]FAULT_0.8,Boolean,"LK01 TO NEUTRALIZATION TIMEOUT, [PMP-8, AOV2,3], [0.8]",Fault 0.8,,,AtomicTag,Ignition OPC UA Server,,
opc,Edge Historian,1,Alarm 0.9,"LK02 TO NEUTRALIZATION TIMEOUT, [PMP-7, AOV7,10], [0.9]",Medium,Value,ns=1;s=[ARTNS]FAULT_0.9,Boolean,"LK02 TO NEUTRALIZATION TIMEOUT, [PMP-7, AOV7,10], [0.9]",Fault 0.9,,,AtomicTag,Ignition OPC UA Server,,
opc,Edge Historian,1,Alarm 0.10,"NO N2 FLOW DETECTED, PURGING PMP5 TO NEUT. BUCKET, [SV1,2, AOV-27], [0.10]",Medium,Value,ns=1;s=[ARTNS]FAULT_0.10,Boolean,"NO N2 FLOW DETECTED, PURGING PMP5 TO NEUT. BUCKET, [SV1,2, AOV-27], [0.10]",Fault 0.10,,,AtomicTag,Ignition OPC UA Server,,
opc,Edge Historian,1,Alarm 0.11,"NO N2 FLOW DETECTED, PURGING PMP5 TO T4, [SV1,2, AOV-29], [0.11]",Medium,Value,ns=1;s=[ARTNS]FAULT_0.11,Boolean,"NO N2 FLOW DETECTED, PURGING PMP5 TO T4, [SV1,2, AOV-29], [0.11]",Fault 0.11,,,AtomicTag,Ignition OPC UA Server,,
opc,Edge Historian,1,Alarm 0.12,"NO N2 FLOW DETECTED, PURGING PMP5 TO TR2, [SV1,2, AOV-28], [0.12]",Medium,Value,ns=1;s=[ARTNS]FAULT_0.12,Boolean,"NO N2 FLOW DETECTED, PURGING PMP5 TO TR2, [SV1,2, AOV-28], [0.12]",Fault 0.12,,,AtomicTag,Ignition OPC UA Server,,
opc,Edge Historian,1,Alarm 0.13,"NO N2 FLOW DETECTED, PURGING PMP6 TO T4, [SV1,3, AOV-33], [0.13]",Medium,Value,ns=1;s=[ARTNS]FAULT_0.13,Boolean,"NO N2 FLOW DETECTED, PURGING PMP6 TO T4, [SV1,3, AOV-33], [0.13]",Fault 0.13,,,AtomicTag,Ignition OPC UA Server,,
opc,Edge Historian,1,Alarm 0.14,"NO N2 FLOW DETECTED, PURGING PMP6 TO TR1, [SV1,3, AOV-34], [0.14]",Medium,Value,ns=1;s=[ARTNS]FAULT_0.14,Boolean,"NO N2 FLOW DETECTED, PURGING PMP6 TO TR1, [SV1,3, AOV-34], [0.14]",Fault 0.14,,,AtomicTag,Ignition OPC UA Server,,
opc,Edge Historian,1,Alarm 0.15,"NO N2 FLOW DETECTED, PURGING TR1 TO NEUT, [SV1,5, AOV-10], [0.15]",Medium,Value,ns=1;s=[ARTNS]FAULT_0.15,Boolean,"NO N2 FLOW DETECTED, PURGING TR1 TO NEUT, [SV1,5, AOV-10], [0.15]",Fault 0.15,,,AtomicTag,Ignition OPC UA Server,,
opc,Edge Historian,1,Alarm 0.16,"NO N2 FLOW DETECTED, PURGING TR1 TO T3, [SV1,5, AOV-09], [0.16]",Medium,Value,ns=1;s=[ARTNS]FAULT_0.16,Boolean,"NO N2 FLOW DETECTED, PURGING TR1 TO T3, [SV1,5, AOV-09], [0.16]",Fault 0.16,,,AtomicTag,Ignition OPC UA Server,,
opc,Edge Historian,1,Alarm 0.17,"NO N2 FLOW DETECTED, PURGING TR1 TO T4, [SV1,5, AOV-08], [0.17]",Medium,Value,ns=1;s=[ARTNS]FAULT_0.17,Boolean,"NO N2 FLOW DETECTED, PURGING TR1 TO T4, [SV1,5, AOV-08], [0.17]",Fault 0.17,,,AtomicTag,Ignition OPC UA Server,,
opc,Edge Historian,1,Alarm 0.18,"NO N2 FLOW DETECTED, PURGING TR2 TO NEUT, [SV1,4, AOV-3], [0.18]",Medium,Value,ns=1;s=[ARTNS]FAULT_0.18,Boolean,"NO N2 FLOW DETECTED, PURGING TR2 TO NEUT, [SV1,4, AOV-3], [0.18]",Fault 0.18,,,AtomicTag,Ignition OPC UA Server,,
opc,Edge Historian,1,Alarm 0.19,"NO N2 FLOW DETECTED, PURGING TR2 TO T3, [SV1,4, AOV-4], [0.19]",Medium,Value,ns=1;s=[ARTNS]FAULT_0.19,Boolean,"NO N2 FLOW DETECTED, PURGING TR2 TO T3, [SV1,4, AOV-4], [0.19]",Fault 0.19,,,AtomicTag,Ignition OPC UA Server,,
opc,Edge Historian,1,Alarm 0.20,"NO N2 FLOW DETECTED, PURGING TR2 TO T4, [SV1,4, AOV-5], [0.20]",Medium,Value,ns=1;s=[ARTNS]FAULT_0.20,Boolean,"NO N2 FLOW DETECTED, PURGING TR2 TO T4, [SV1,4, AOV-5], [0.20]",Fault 0.20,,,AtomicTag,Ignition OPC UA Server,,
opc,Edge Historian,1,Alarm 0.21,"TR1 LOW LEVEL [LV3], NOT MADE WHEN PUMPING FROM T3 [PMP6, AOV31,34], [0.21]",Medium,Value,ns=1;s=[ARTNS]FAULT_0.21,Boolean,"TR1 LOW LEVEL [LV3], NOT MADE WHEN PUMPING FROM T3 [PMP6, AOV31,34], [0.21]",Fault 0.21,,,AtomicTag,Ignition OPC UA Server,,
opc,Edge Historian,1,Alarm 0.22,"TR1 HIGH LEVEL [LV4], NOT MADE WHEN PUMPING FROM T3 [PMP6, AOV31,34], [0.22]",Medium,Value,ns=1;s=[ARTNS]FAULT_0.22,Boolean,"TR1 HIGH LEVEL [LV4], NOT MADE WHEN PUMPING FROM T3 [PMP6, AOV31,34], [0.22]",Fault 0.22,,,AtomicTag,Ignition OPC UA Server,,
opc,Edge Historian,1,Alarm 0.23,"TR2 LOW LEVEL [LV6], NOT MADE WHEN PUMPING FROM T3 [PMP5, AOV25,28], [0.23]",Medium,Value,ns=1;s=[ARTNS]FAULT_0.23,Boolean,"TR2 LOW LEVEL [LV6], NOT MADE WHEN PUMPING FROM T3 [PMP5, AOV25,28], [0.23]",Fault 0.23,,,AtomicTag,Ignition OPC UA Server,,
opc,Edge Historian,1,Alarm 0.24,"TR2 HIGH LEVEL [LV7], NOT MADE WHEN PUMPING FROM T3 [PMP5, AOV25,28], [0.24]",Medium,Value,ns=1;s=[ARTNS]FAULT_0.24,Boolean,"TR2 HIGH LEVEL [LV7], NOT MADE WHEN PUMPING FROM T3 [PMP5, AOV25,28], [0.24]",Fault 0.24,,,AtomicTag,Ignition OPC UA Server,,
opc,Edge Historian,1,Alarm 0.25,"TR1 LOW LEVEL [LV3], NOT MADE WHEN PUMPING FROM T4 [PMP6, AOV32,34], [0.25]",Medium,Value,ns=1;s=[ARTNS]FAULT_0.25,Boolean,"TR1 LOW LEVEL [LV3], NOT MADE WHEN PUMPING FROM T4 [PMP6, AOV32,34], [0.25]",Fault 0.25,,,AtomicTag,Ignition OPC UA Server,,
opc,Edge Historian,1,Alarm 0.26,"TR1 LOW LEVEL [LV4], NOT MADE WHEN PUMPING FROM T4 [PMP6, AOV32,34], [0.26]",Medium,Value,ns=1;s=[ARTNS]FAULT_0.26,Boolean,"TR1 LOW LEVEL [LV4], NOT MADE WHEN PUMPING FROM T4 [PMP6, AOV32,34], [0.26]",Fault 0.26,,,AtomicTag,Ignition OPC UA Server,,
opc,Edge Historian,1,Alarm 0.27,"TR2 LOW LEVEL [LV6], NOT MADE WHEN PUMPING FROM T4 [PMP5, AOV26,28], [0.27]",Medium,Value,ns=1;s=[ARTNS]FAULT_0.27,Boolean,"TR2 LOW LEVEL [LV6], NOT MADE WHEN PUMPING FROM T4 [PMP5, AOV26,28], [0.27]",Fault 0.27,,,AtomicTag,Ignition OPC UA Server,,
opc,Edge Historian,1,Alarm 0.28,"TR2 LOW LEVEL [LV7], NOT MADE WHEN PUMPING FROM T4 [PMP5, AOV26,28], [0.28]",Medium,Value,ns=1;s=[ARTNS]FAULT_0.28,Boolean,"TR2 LOW LEVEL [LV7], NOT MADE WHEN PUMPING FROM T4 [PMP5, AOV26,28], [0.28]",Fault 0.28,,,AtomicTag,Ignition OPC UA Server,,
opc,Edge Historian,1,Alarm 0.29,"TR1 HIGH LEVEL [LV4], STILL ON WHEN PUMPING TO NEUTRALIZATION [PMP8, AOV6,10], [0.29]",Medium,Value,ns=1;s=[ARTNS]FAULT_0.29,Boolean,"TR1 HIGH LEVEL [LV4], STILL ON WHEN PUMPING TO NEUTRALIZATION [PMP8, AOV6,10], [0.29]",Fault 0.29,,,AtomicTag,Ignition OPC UA Server,,
opc,Edge Historian,1,Alarm 0.30,"TR1 LOW LEVEL [LV3], STILL ON WHEN PUMPING TO NEUTRALIZATION [PMP8, AOV6,10], [0.30]",Medium,Value,ns=1;s=[ARTNS]FAULT_0.30,Boolean,"TR1 LOW LEVEL [LV3], STILL ON WHEN PUMPING TO NEUTRALIZATION [PMP8, AOV6,10], [0.30]",Fault 0.30,,,AtomicTag,Ignition OPC UA Server,,
opc,Edge Historian,1,Alarm 0.31,"TR1 HIGH LEVEL [LV4], STILL ON WHEN PUMPING TO NEUTRALIZATION VIA R2R [PMP8, AOV10,37,37], [0.31]",Medium,Value,ns=1;s=[ARTNS]FAULT_0.31,Boolean,"TR1 HIGH LEVEL [LV4], STILL ON WHEN PUMPING TO NEUTRALIZATION VIA R2R [PMP8, AOV10,37,37], [0.31]",Fault 0.31,,,AtomicTag,Ignition OPC UA Server,,
opc,Edge Historian,1,Alarm 1.00,"TR1 LOW LEVEL [LV3], STILL ON WHEN PUMPING TO NEUTRALIZATION VIA R2R [PMP8, AOV10,37,37], [1.0]",Medium,Value,ns=1;s=[ARTNS]FAULT_1.0,Boolean,"TR1 LOW LEVEL [LV3], STILL ON WHEN PUMPING TO NEUTRALIZATION VIA R2R [PMP8, AOV10,37,37], [1.0]",Fault 1.00,,,AtomicTag,Ignition OPC UA Server,,
opc,Edge Historian,1,Alarm 1.01,"TR1 HIGH LEVEL [LV4], STILL ON WHEN PUMPING TO T3 [PMP8, AOV6,9], [1.1]",Medium,Value,ns=1;s=[ARTNS]FAULT_1.1,Boolean,"TR1 HIGH LEVEL [LV4], STILL ON WHEN PUMPING TO T3 [PMP8, AOV6,9], [1.1]",Fault 1.01,,,AtomicTag,Ignition OPC UA Server,,
opc,Edge Historian,1,Alarm 1.02,"TR1 LOW LEVEL [LV3], STILL ON WHEN PUMPING TO T3 [PMP8, AOV6,9], [1.2]",Medium,Value,ns=1;s=[ARTNS]FAULT_1.2,Boolean,"TR1 LOW LEVEL [LV3], STILL ON WHEN PUMPING TO T3 [PMP8, AOV6,9], [1.2]",Fault 1.02,,,AtomicTag,Ignition OPC UA Server,,
opc,Edge Historian,1,Alarm 1.03,"TR1 HIGH LEVEL [LV4], STILL ON WHEN PUMPING TO T4 [PMP8, AOV6,8], [1.3]",Medium,Value,ns=1;s=[ARTNS]FAULT_1.3,Boolean,"TR1 HIGH LEVEL [LV4], STILL ON WHEN PUMPING TO T4 [PMP8, AOV6,8], [1.3]",Fault 1.03,,,AtomicTag,Ignition OPC UA Server,,
opc,Edge Historian,1,Alarm 1.04,"TR1 LOW LEVEL [LV3], STILL ON WHEN PUMPING TO T4 [PMP8, AOV6,8], [1.4]",Medium,Value,ns=1;s=[ARTNS]FAULT_1.4,Boolean,"TR1 LOW LEVEL [LV3], STILL ON WHEN PUMPING TO T4 [PMP8, AOV6,8], [1.4]",Fault 1.04,,,AtomicTag,Ignition OPC UA Server,,
opc,Edge Historian,1,Alarm 1.05,"TR2 HIGH LEVEL [LV7], STILL ON WHEN PUMPING TO NEUTRALIZATION [PMP7, AOV1,3], [1.5]",Medium,Value,ns=1;s=[ARTNS]FAULT_1.5,Boolean,"TR2 HIGH LEVEL [LV7], STILL ON WHEN PUMPING TO NEUTRALIZATION [PMP7, AOV1,3], [1.5]",Fault 1.05,,,AtomicTag,Ignition OPC UA Server,,
opc,Edge Historian,1,Alarm 1.06,"TR2 LOW LEVEL [LV6], STILL ON WHEN PUMPING TO NEUTRALIZATION [PMP7, AOV1,3], [1.6]",Medium,Value,ns=1;s=[ARTNS]FAULT_1.6,Boolean,"TR2 LOW LEVEL [LV6], STILL ON WHEN PUMPING TO NEUTRALIZATION [PMP7, AOV1,3], [1.6]",Fault 1.06,,,AtomicTag,Ignition OPC UA Server,,
opc,Edge Historian,1,Alarm 1.07,"TR2 HIGH LEVEL [LV7], STILL ON WHEN PUMPING TO NEUTRALIZATION VIA R2R [PMP7, AOV3, 38, 39], [1.7]",Medium,Value,ns=1;s=[ARTNS]FAULT_1.7,Boolean,"TR2 HIGH LEVEL [LV7], STILL ON WHEN PUMPING TO NEUTRALIZATION VIA R2R [PMP7, AOV3, 38, 39], [1.7]",Fault 1.07,,,AtomicTag,Ignition OPC UA Server,,
opc,Edge Historian,1,Alarm 1.08,"TR2 LOW LEVEL [LV6], STILL ON WHEN PUMPING TO NEUTRALIZATION VIA R2R [PMP7, AOV3, 38, 39], [1.8]",Medium,Value,ns=1;s=[ARTNS]FAULT_1.8,Boolean,"TR2 LOW LEVEL [LV6], STILL ON WHEN PUMPING TO NEUTRALIZATION VIA R2R [PMP7, AOV3, 38, 39], [1.8]",Fault 1.08,,,AtomicTag,Ignition OPC UA Server,,
opc,Edge Historian,1,Alarm 1.09,"TR2 HIGH LEVEL [LV7], STILL ON WHEN PUMPING TO T3 [PMP7, AOV1,4], [1.9]",Medium,Value,ns=1;s=[ARTNS]FAULT_1.9,Boolean,"TR2 HIGH LEVEL [LV7], STILL ON WHEN PUMPING TO T3 [PMP7, AOV1,4], [1.9]",Fault 1.09,,,AtomicTag,Ignition OPC UA Server,,
opc,Edge Historian,1,Alarm 1.10,"TR2 LOW LEVEL [LV6], STILL ON WHEN PUMPING TO T3 [PMP7, AOV1,4], [1.10]",Medium,Value,ns=1;s=[ARTNS]FAULT_1.10,Boolean,"TR2 LOW LEVEL [LV6], STILL ON WHEN PUMPING TO T3 [PMP7, AOV1,4], [1.10]",Fault 1.10,,,AtomicTag,Ignition OPC UA Server,,
opc,Edge Historian,1,Alarm 1.11,"TR2 HIGH LEVEL [LV7], STILL ON WHEN PUMPING TO T3 [PMP7, AOV1,5], [1.11]",Medium,Value,ns=1;s=[ARTNS]FAULT_1.11,Boolean,"TR2 HIGH LEVEL [LV7], STILL ON WHEN PUMPING TO T3 [PMP7, AOV1,5], [1.11]",Fault 1.11,,,AtomicTag,Ignition OPC UA Server,,
opc,Edge Historian,1,Alarm 1.12,"TR2 LOW LEVEL [LV6], STILL ON WHEN PUMPING TO T4 [PMP7, AOV1,5], [1.12]",Medium,Value,ns=1;s=[ARTNS]FAULT_1.12,Boolean,"TR2 LOW LEVEL [LV6], STILL ON WHEN PUMPING TO T4 [PMP7, AOV1,5], [1.12]",Fault 1.12,,,AtomicTag,Ignition OPC UA Server,,
opc,Edge Historian,1,Alarm 1.13,"PUMP 1 DID NOT EXTEND [PMP1], [1.13]",Medium,Value,ns=1;s=[ARTNS]FAULT_1.13,Boolean,"PUMP 1 DID NOT EXTEND [PMP1], [1.13]",Fault 1.13,,,AtomicTag,Ignition OPC UA Server,,
opc,Edge Historian,1,Alarm 1.14,"PUMP 1 DID NOT RETRACT [PMP1], [1.14]",Medium,Value,ns=1;s=[ARTNS]FAULT_1.14,Boolean,"PUMP 1 DID NOT RETRACT [PMP1], [1.14]",Fault 1.14,,,AtomicTag,Ignition OPC UA Server,,
opc,Edge Historian,1,Alarm 1.15,"PUMP 2 DID NOT EXTEND [PMP2], [1.15]",Medium,Value,ns=1;s=[ARTNS]FAULT_1.15,Boolean,"PUMP 2 DID NOT EXTEND [PMP2], [1.15]",Fault 1.15,,,AtomicTag,Ignition OPC UA Server,,
opc,Edge Historian,1,Alarm 1.16,"PUMP 2 DID NOT RETRACT [PMP2], [1.16]",Medium,Value,ns=1;s=[ARTNS]FAULT_1.16,Boolean,"PUMP 2 DID NOT RETRACT [PMP2], [1.16]",Fault 1.16,,,AtomicTag,Ignition OPC UA Server,,
opc,Edge Historian,1,Alarm 1.17,"PUMP 3 DID NOT EXTEND [PMP3], [1.17]",Medium,Value,ns=1;s=[ARTNS]FAULT_1.17,Boolean,"PUMP 3 DID NOT EXTEND [PMP3], [1.17]",Fault 1.17,,,AtomicTag,Ignition OPC UA Server,,
opc,Edge Historian,1,Alarm 1.18,"PUMP 3 DID NOT RETRACT [PMP3], [1.18]",Medium,Value,ns=1;s=[ARTNS]FAULT_1.18,Boolean,"PUMP 3 DID NOT RETRACT [PMP3], [1.18]",Fault 1.18,,,AtomicTag,Ignition OPC UA Server,,
opc,Edge Historian,1,Alarm 1.19,"PUMP 4 DID NOT EXTEND [PMP4], [1.19]",Medium,Value,ns=1;s=[ARTNS]FAULT_1.19,Boolean,"PUMP 4 DID NOT EXTEND [PMP4], [1.19]",Fault 1.19,,,AtomicTag,Ignition OPC UA Server,,
opc,Edge Historian,1,Alarm 1.20,"PUMP 4 DID NOT RETRACT [PMP4], [1.20]",Medium,Value,ns=1;s=[ARTNS]FAULT_1.20,Boolean,"PUMP 4 DID NOT RETRACT [PMP4], [1.20]",Fault 1.20,,,AtomicTag,Ignition OPC UA Server,,
opc,Edge Historian,1,Alarm 1.21,"LEAK DETECTED IN CABINET [LK01], [1.21]",High,Value,ns=1;s=[ARTNS]FAULT_1.21,Boolean,"LEAK DETECTED IN CABINET [LK01], [1.21]",Fault 1.21,,,AtomicTag,Ignition OPC UA Server,,
opc,Edge Historian,1,Alarm 1.22,"LEAK DETECTED IN CABINET [LK02], [1.22]",High,Value,ns=1;s=[ARTNS]FAULT_1.22,Boolean,"LEAK DETECTED IN CABINET [LK02], [1.22]",Fault 1.22,,,AtomicTag,Ignition OPC UA Server,,
opc,Edge Historian,1,Alarm 1.23,"SAFETY INPUT CARD 1 FAULTED [SI1], [1.23]",High,Value,ns=1;s=[ARTNS]FAULT_1.23,Boolean,"SAFETY INPUT CARD 1 FAULTED [SI1], [1.23]",Fault 1.23,,,AtomicTag,Ignition OPC UA Server,,
opc,Edge Historian,1,Alarm 1.24,"SAFETY INPUT CARD 2 FAULTED [SI2], [1.24]",High,Value,ns=1;s=[ARTNS]FAULT_1.24,Boolean,"SAFETY INPUT CARD 2 FAULTED [SI2], [1.24]",Fault 1.24,,,AtomicTag,Ignition OPC UA Server,,
opc,Edge Historian,1,Alarm 1.25,"SAFETY INPUT CARD 3 FAULTED [SI3], [1.25]",High,Value,ns=1;s=[ARTNS]FAULT_1.25,Boolean,"SAFETY INPUT CARD 3 FAULTED [SI3], [1.25]",Fault 1.25,,,AtomicTag,Ignition OPC UA Server,,
opc,Edge Historian,1,Alarm 1.26,"SAFETY INPUT CARD 4 FAULTED [SI4], [1.26]",High,Value,ns=1;s=[ARTNS]FAULT_1.26,Boolean,"SAFETY INPUT CARD 4 FAULTED [SI4], [1.26]",Fault 1.26,,,AtomicTag,Ignition OPC UA Server,,
opc,Edge Historian,1,Alarm 1.27,"SAFETY OUTPUT CARD 1 FAULTED [S01], [1.27]",High,Value,ns=1;s=[ARTNS]FAULT_1.27,Boolean,"SAFETY OUTPUT CARD 1 FAULTED [S01], [1.27]",Fault 1.27,,,AtomicTag,Ignition OPC UA Server,,
opc,Edge Historian,1,Alarm 1.28,"SAFETY CARDS NOT HEALTY, [1.28]",High,Value,ns=1;s=[ARTNS]FAULT_1.28,Boolean,"SAFETY CARDS NOT HEALTY, [1.28]",Fault 1.28,,,AtomicTag,Ignition OPC UA Server,,
opc,Edge Historian,1,Alarm 1.29,"DIGITAL INPUT CARD 1 FAULTED [DI1], [1.29]",High,Value,ns=1;s=[ARTNS]FAULT_1.29,Boolean,"DIGITAL INPUT CARD 1 FAULTED [DI1], [1.29]",Fault 1.29,,,AtomicTag,Ignition OPC UA Server,,
opc,Edge Historian,1,Alarm 1.30,"DIGITAL INPUT CARD 2 FAULTED [DI2], [1.30]",High,Value,ns=1;s=[ARTNS]FAULT_1.30,Boolean,"DIGITAL INPUT CARD 2 FAULTED [DI2], [1.30]",Fault 1.30,,,AtomicTag,Ignition OPC UA Server,,
opc,Edge Historian,1,Alarm 1.31,"DIGITAL INPUT CARD 3 FAULTED [DI3], [1.31]",High,Value,ns=1;s=[ARTNS]FAULT_1.31,Boolean,"DIGITAL INPUT CARD 3 FAULTED [DI3], [1.31]",Fault 1.31,,,AtomicTag,Ignition OPC UA Server,,
opc,Edge Historian,1,Alarm 2.00,"ANALOG INPUT CARD 1 FAULTED [AI1], [2.0]",High,Value,ns=1;s=[ARTNS]FAULT_2.0,Boolean,"ANALOG INPUT CARD 1 FAULTED [AI1], [2.0]",Fault 2.00,,,AtomicTag,Ignition OPC UA Server,,
opc,Edge Historian,1,Alarm 2.01,"ANALOG INPUT CARD 2 FAULTED [AI2], [2.1]",High,Value,ns=1;s=[ARTNS]FAULT_2.1,Boolean,"ANALOG INPUT CARD 2 FAULTED [AI2], [2.1]",Fault 2.01,,,AtomicTag,Ignition OPC UA Server,,
opc,Edge Historian,1,Alarm 2.02,"DIGITAL OUTPUT CARD 1 FAULTED [DO1], [2.2]",High,Value,ns=1;s=[ARTNS]FAULT_2.2,Boolean,"DIGITAL OUTPUT CARD 1 FAULTED [DO1], [2.2]",Fault 2.02,,,AtomicTag,Ignition OPC UA Server,,
opc,Edge Historian,1,Alarm 2.03,"DIGITAL OUTPUT CARD 2 FAULTED [DO2], [2.3]",High,Value,ns=1;s=[ARTNS]FAULT_2.3,Boolean,"DIGITAL OUTPUT CARD 2 FAULTED [DO2], [2.3]",Fault 2.03,,,AtomicTag,Ignition OPC UA Server,,
opc,Edge Historian,1,Alarm 2.04,"MAIN CABINET ESTOP OR DOOR [ES1,IL1], [2.4]",High,Value,ns=1;s=[ARTNS]FAULT_2.4,Boolean,"MAIN CABINET ESTOP OR DOOR [ES1,IL1], [2.4]",Fault 2.04,,,AtomicTag,Ignition OPC UA Server,,
opc,Edge Historian,1,Alarm 2.05,"FH1 ESTOP OR DOOR [ES2IL2], [2.5]",High,Value,ns=1;s=[ARTNS]FAULT_2.5,Boolean,"FH1 ESTOP OR DOOR [ES2IL2], [2.5]",Fault 2.05,,,AtomicTag,Ignition OPC UA Server,,
opc,Edge Historian,1,Alarm 2.06,"FH2 ESTOP OR DOOR [ES3IL3], [2.6]",High,Value,ns=1;s=[ARTNS]FAULT_2.6,Boolean,"FH2 ESTOP OR DOOR [ES3IL3], [2.6]",Fault 2.06,,,AtomicTag,Ignition OPC UA Server,,
opc,Edge Historian,1,Alarm 2.07,"NEUTRALIZATION HIGH-HIGH, OVERFLOW POSSIBLE, SHUT DOWN: [MOV-03], [MOV-01], [MOV-02] AND CONTACT MAINTAINENCE, [LV1] [2.7]",Critical,Value,ns=1;s=[ARTNS]FAULT_2.7,Boolean,"NEUTRALIZATION HIGH-HIGH, OVERFLOW POSSIBLE, SHUT DOWN: [MOV-03], [MOV-01], [MOV-02] AND CONTACT MAINTAINENCE, [LV1] [2.7]",Fault 2.07,,,AtomicTag,Ignition OPC UA Server,,
opc,Edge Historian,1,Alarm 2.08,"T3 HIGH-HIGH, OVERFLOW POSSIBLE, SHUT DOWN: [MOV-03], [MOV-01], [MOV-02] AND CONTACT MAINTAINENCE, [LV2] [2.8]",Critical,Value,ns=1;s=[ARTNS]FAULT_2.8,Boolean,"T3 HIGH-HIGH, OVERFLOW POSSIBLE, SHUT DOWN: [MOV-03], [MOV-01], [MOV-02] AND CONTACT MAINTAINENCE, [LV2] [2.8]",Fault 2.08,,,AtomicTag,Ignition OPC UA Server,,
opc,Edge Historian,1,Alarm 2.09,"T4 HIGH-HIGH, OVERFLOW POSSIBLE, SHUT DOWN: [MOV-03], [MOV-01], [MOV-02] AND CONTACT MAINTAINENCE, [LV5] [2.9]",Critical,Value,ns=1;s=[ARTNS]FAULT_2.9,Boolean,"T4 HIGH-HIGH, OVERFLOW POSSIBLE, SHUT DOWN: [MOV-03], [MOV-01], [MOV-02] AND CONTACT MAINTAINENCE, [LV5] [2.9]",Fault 2.09,,,AtomicTag,Ignition OPC UA Server,,
opc,Edge Historian,1,Alarm 2.10,"TR1 HIGH-HIGH, OVERFLOW POSSIBLE, SHUT DOWN: [MOV-03], [MOV-01], [MOV-02] AND CONTACT MAINTAINENCE, [LV8] [2.10]",Critical,Value,ns=1;s=[ARTNS]FAULT_2.10,Boolean,"TR1 HIGH-HIGH, OVERFLOW POSSIBLE, SHUT DOWN: [MOV-03], [MOV-01], [MOV-02] AND CONTACT MAINTAINENCE, [LV8] [2.10]",Fault 2.10,,,AtomicTag,Ignition OPC UA Server,,
opc,Edge Historian,1,Alarm 2.11,"TR2 HIGH-HIGH, OVERFLOW POSSIBLE, SHUT DOWN: [MOV-03], [MOV-01], [MOV-02] AND CONTACT MAINTAINENCE, [LV9] [2.11]",Critical,Value,ns=1;s=[ARTNS]FAULT_2.11,Boolean,"TR2 HIGH-HIGH, OVERFLOW POSSIBLE, SHUT DOWN: [MOV-03], [MOV-01], [MOV-02] AND CONTACT MAINTAINENCE, [LV9] [2.11]",Fault 2.11,,,AtomicTag,Ignition OPC UA Server,,
opc,Edge Historian,1,Alarm 2.12,"CABINET SAFETY DCS DISCREPANCY TIMER FAULT, CH0=1,CH1=0, [2.12]",High,Value,ns=1;s=[ARTNS]FAULT_2.12,Boolean,"CABINET SAFETY DCS DISCREPANCY TIMER FAULT, CH0=1,CH1=0, [2.12]",Fault 2.12,,,AtomicTag,Ignition OPC UA Server,,
opc,Edge Historian,1,Alarm 2.13,"CABINET SAFETY DCS DISCREPANCY TIMER FAULT, CH0=0,CH1=1, [2.13]",High,Value,ns=1;s=[ARTNS]FAULT_2.13,Boolean,"CABINET SAFETY DCS DISCREPANCY TIMER FAULT, CH0=0,CH1=1, [2.13]",Fault 2.13,,,AtomicTag,Ignition OPC UA Server,,
opc,Edge Historian,1,Alarm 2.14,"CABINET SAFETY DCS CHANNEL FAULT, CH0=0, CH1=1, [2.14]",High,Value,ns=1;s=[ARTNS]FAULT_2.14,Boolean,"CABINET SAFETY DCS CHANNEL FAULT, CH0=0, CH1=1, [2.14]",Fault 2.14,,,AtomicTag,Ignition OPC UA Server,,
opc,Edge Historian,1,Alarm 2.15,"CABINET SAFETY DCS CHANNEL FAULT, CH0=1, CH1=0, [2.15]",High,Value,ns=1;s=[ARTNS]FAULT_2.15,Boolean,"CABINET SAFETY DCS CHANNEL FAULT, CH0=1, CH1=0, [2.15]",Fault 2.15,,,AtomicTag,Ignition OPC UA Server,,
opc,Edge Historian,1,Alarm 2.16,"CABINET SAFETY DUMP VALVE DID NOT PICK UP WITHIN ALLOWABLE TIME [DV1], [2.16]",High,Value,ns=1;s=[ARTNS]FAULT_2.16,Boolean,"CABINET SAFETY DUMP VALVE DID NOT PICK UP WITHIN ALLOWABLE TIME [DV1], [2.16]",Fault 2.16,,,AtomicTag,Ignition OPC UA Server,,
opc,Edge Historian,1,Alarm 2.17,"MAIN CABINET SAFETY RELAY TURNED OFF UNEXPECTEDLY [K1],[K2], [2.17]",High,Value,ns=1;s=[ARTNS]FAULT_2.17,Boolean,"MAIN CABINET SAFETY RELAY TURNED OFF UNEXPECTEDLY [K1],[K2], [2.17]",Fault 2.17,,,AtomicTag,Ignition OPC UA Server,,
opc,Edge Historian,1,Alarm 2.18,"MAIN CABINET SAFETY RELAYS DID NOT PICK UP [K1],[K2], [2.18]",High,Value,ns=1;s=[ARTNS]FAULT_2.18,Boolean,"MAIN CABINET SAFETY RELAYS DID NOT PICK UP [K1],[K2], [2.18]",Fault 2.18,,,AtomicTag,Ignition OPC UA Server,,
opc,Edge Historian,1,Alarm 2.19,"MAIN CABINET DUMP VALVE DISCREPENCY TIMER FAULT [DV1], [2.19]",High,Value,ns=1;s=[ARTNS]FAULT_2.19,Boolean,"MAIN CABINET DUMP VALVE DISCREPENCY TIMER FAULT [DV1], [2.19]",Fault 2.19,,,AtomicTag,Ignition OPC UA Server,,
opc,Edge Historian,1,Alarm 2.20,"MAIN CABINET CABINET DUMP VAVLE CHANNEL FLICKERED [DV1], [2.20]",High,Value,ns=1;s=[ARTNS]FAULT_2.20,Boolean,"MAIN CABINET CABINET DUMP VAVLE CHANNEL FLICKERED [DV1], [2.20]",Fault 2.20,,,AtomicTag,Ignition OPC UA Server,,
opc,Edge Historian,1,Alarm 2.21,"FH1 SAFETY DCS DISCREPANCY TIMER FAULT, CH0=1,CH1=0, [2.21]",High,Value,ns=1;s=[ARTNS]FAULT_2.21,Boolean,"FH1 SAFETY DCS DISCREPANCY TIMER FAULT, CH0=1,CH1=0, [2.21]",Fault 2.21,,,AtomicTag,Ignition OPC UA Server,,
opc,Edge Historian,1,Alarm 2.22,"FH1 SAFETY DCS DISCREPANCY TIMER FAULT, CH0=0,CH1=1, [2.22]",High,Value,ns=1;s=[ARTNS]FAULT_2.22,Boolean,"FH1 SAFETY DCS DISCREPANCY TIMER FAULT, CH0=0,CH1=1, [2.22]",Fault 2.22,,,AtomicTag,Ignition OPC UA Server,,
opc,Edge Historian,1,Alarm 2.23,"FH1 SAFETY DCS CHANNEL FAULT, CH0=0, CH1=1, [2.23]",High,Value,ns=1;s=[ARTNS]FAULT_2.23,Boolean,"FH1 SAFETY DCS CHANNEL FAULT, CH0=0, CH1=1, [2.23]",Fault 2.23,,,AtomicTag,Ignition OPC UA Server,,
opc,Edge Historian,1,Alarm 2.24,"FH1 SAFETY DCS CHANNEL FAULT, CH0=1, CH1=0, [2.24]",High,Value,ns=1;s=[ARTNS]FAULT_2.24,Boolean,"FH1 SAFETY DCS CHANNEL FAULT, CH0=1, CH1=0, [2.24]",Fault 2.24,,,AtomicTag,Ignition OPC UA Server,,
opc,Edge Historian,1,Alarm 2.25,"CABINET SAFETY DUMP VALVE DID NOT PICK UP WITHIN ALLOWABLE TIME [DV2], [2.25]",High,Value,ns=1;s=[ARTNS]FAULT_2.25,Boolean,"CABINET SAFETY DUMP VALVE DID NOT PICK UP WITHIN ALLOWABLE TIME [DV2], [2.25]",Fault 2.25,,,AtomicTag,Ignition OPC UA Server,,
opc,Edge Historian,1,Alarm 2.26,"FH1 CABINET SAFETY RELAYS TURNED OFF UNEXPECTEDLY [K3],[K4], [2.26]",High,Value,ns=1;s=[ARTNS]FAULT_2.26,Boolean,"FH1 CABINET SAFETY RELAYS TURNED OFF UNEXPECTEDLY [K3],[K4], [2.26]",Fault 2.26,,,AtomicTag,Ignition OPC UA Server,,
opc,Edge Historian,1,Alarm 2.27,"FH1 CABINET SAFETY RELAYS DID NOT PICK UP [K3],[K4], [2.27]",High,Value,ns=1;s=[ARTNS]FAULT_2.27,Boolean,"FH1 CABINET SAFETY RELAYS DID NOT PICK UP [K3],[K4], [2.27]",Fault 2.27,,,AtomicTag,Ignition OPC UA Server,,
opc,Edge Historian,1,Alarm 2.28,"FH1 DUMP VALVE DISCREPENCY TIMER FAULT [DV2], [2.28]",High,Value,ns=1;s=[ARTNS]FAULT_2.28,Boolean,"FH1 DUMP VALVE DISCREPENCY TIMER FAULT [DV2], [2.28]",Fault 2.28,,,AtomicTag,Ignition OPC UA Server,,
opc,Edge Historian,1,Alarm 2.29,"FH1 CABINET DUMP VAVLE CHANNEL FLICKERED [DV2], [2.29]",High,Value,ns=1;s=[ARTNS]FAULT_2.29,Boolean,"FH1 CABINET DUMP VAVLE CHANNEL FLICKERED [DV2], [2.29]",Fault 2.29,,,AtomicTag,Ignition OPC UA Server,,
opc,Edge Historian,1,Alarm 2.30,"FH2 SAFETY DCS DISCREPANCY TIMER FAULT, CH0=1,CH1=0, [2.30]",High,Value,ns=1;s=[ARTNS]FAULT_2.30,Boolean,"FH2 SAFETY DCS DISCREPANCY TIMER FAULT, CH0=1,CH1=0, [2.30]",Fault 2.30,,,AtomicTag,Ignition OPC UA Server,,
opc,Edge Historian,1,Alarm 2.31,"FH2 SAFETY DCS DISCREPANCY TIMER FAULT, CH0=0,CH1=1, [2.31]",High,Value,ns=1;s=[ARTNS]FAULT_2.31,Boolean,"FH2 SAFETY DCS DISCREPANCY TIMER FAULT, CH0=0,CH1=1, [2.31]",Fault 2.31,,,AtomicTag,Ignition OPC UA Server,,
opc,Edge Historian,1,Alarm 3.00,"FH2 SAFETY DCS CHANNEL FAULT, CH0=0, CH1=1, [3.0]",High,Value,ns=1;s=[ARTNS]FAULT_3.0,Boolean,"FH2 SAFETY DCS CHANNEL FAULT, CH0=0, CH1=1, [3.0]",Fault 3.00,,,AtomicTag,Ignition OPC UA Server,,
opc,Edge Historian,1,Alarm 3.01,"FH2 SAFETY DCS CHANNEL FAULT, CH0=1, CH1=0, [3.1]",High,Value,ns=1;s=[ARTNS]FAULT_3.1,Boolean,"FH2 SAFETY DCS CHANNEL FAULT, CH0=1, CH1=0, [3.1]",Fault 3.01,,,AtomicTag,Ignition OPC UA Server,,
opc,Edge Historian,1,Alarm 3.02,"CABINET SAFETY DUMP VALVE DID NOT PICK UP WITHIN ALLOWABLE TIME [DV3], [3.2]",High,Value,ns=1;s=[ARTNS]FAULT_3.2,Boolean,"CABINET SAFETY DUMP VALVE DID NOT PICK UP WITHIN ALLOWABLE TIME [DV3], [3.2]",Fault 3.02,,,AtomicTag,Ignition OPC UA Server,,
opc,Edge Historian,1,Alarm 3.03,"FH2 CABINET SAFETY RELAYS TURNED OFF UNEXPECTEDLY [K5],[K6], [3.3]",High,Value,ns=1;s=[ARTNS]FAULT_3.3,Boolean,"FH2 CABINET SAFETY RELAYS TURNED OFF UNEXPECTEDLY [K5],[K6], [3.3]",Fault 3.03,,,AtomicTag,Ignition OPC UA Server,,
opc,Edge Historian,1,Alarm 3.04,"FH2 CABINET SAFETY RELAYS DID NOT PICK UP [K5],[K6], [3.4]",High,Value,ns=1;s=[ARTNS]FAULT_3.4,Boolean,"FH2 CABINET SAFETY RELAYS DID NOT PICK UP [K5],[K6], [3.4]",Fault 3.04,,,AtomicTag,Ignition OPC UA Server,,
opc,Edge Historian,1,Alarm 3.05,"FH2 DUMP VALVE DISCREPENCY TIMER FAULT [DV3], [3.5]",High,Value,ns=1;s=[ARTNS]FAULT_3.5,Boolean,"FH2 DUMP VALVE DISCREPENCY TIMER FAULT [DV3], [3.5]",Fault 3.05,,,AtomicTag,Ignition OPC UA Server,,
opc,Edge Historian,1,Alarm 3.06,"FH2 CABINET DUMP VAVLE CHANNEL FLICKERED [DV3], [3.6]",High,Value,ns=1;s=[ARTNS]FAULT_3.6,Boolean,"FH2 CABINET DUMP VAVLE CHANNEL FLICKERED [DV3], [3.6]",Fault 3.06,,,AtomicTag,Ignition OPC UA Server,,
opc,Edge Historian,1,Alarm 3.07,"SPARE SAFETY FAULT, [3.7]",High,Value,ns=1;s=[ARTNS]FAULT_3.7,Boolean,"SPARE SAFETY FAULT, [3.7]",Fault 3.07,,,AtomicTag,Ignition OPC UA Server,,
opc,Edge Historian,1,Alarm 3.08,"SPARE SAFETY FAULT, [3.8]",High,Value,ns=1;s=[ARTNS]FAULT_3.8,Boolean,"SPARE SAFETY FAULT, [3.8]",Fault 3.08,,,AtomicTag,Ignition OPC UA Server,,
opc,Edge Historian,1,Alarm 3.09,"SPARE SAFETY FAULT, [3.9]",High,Value,ns=1;s=[ARTNS]FAULT_3.9,Boolean,"SPARE SAFETY FAULT, [3.9]",Fault 3.09,,,AtomicTag,Ignition OPC UA Server,,
opc,Edge Historian,1,Alarm 3.10,"SPARE SAFETY FAULT, [3.10]",High,Value,ns=1;s=[ARTNS]FAULT_3.10,Boolean,"SPARE SAFETY FAULT, [3.10]",Fault 3.10,,,AtomicTag,Ignition OPC UA Server,,
opc,Edge Historian,1,Alarm 3.11,"SPARE SAFETY FAULT, [3.11]",High,Value,ns=1;s=[ARTNS]FAULT_3.11,Boolean,"SPARE SAFETY FAULT, [3.11]",Fault 3.11,,,AtomicTag,Ignition OPC UA Server,,
opc,Edge Historian,1,Alarm 3.12,,Low,Value,ns=1;s=[ARTNS]FAULT_3.12,Boolean,,,,,AtomicTag,Ignition OPC UA Server,,
opc,Edge Historian,1,Alarm 3.13,,Low,Value,ns=1;s=[ARTNS]FAULT_3.13,Boolean,,,,,AtomicTag,Ignition OPC UA Server,,
opc,Edge Historian,1,Alarm 3.14,,Low,Value,ns=1;s=[ARTNS]FAULT_3.14,Boolean,,,,,AtomicTag,Ignition OPC UA Server,,
opc,Edge Historian,1,Alarm 3.15,,Low,Value,ns=1;s=[ARTNS]FAULT_3.15,Boolean,,,,,AtomicTag,Ignition OPC UA Server,,
opc,Edge Historian,1,Alarm 3.16,,Low,Value,ns=1;s=[ARTNS]FAULT_3.16,Boolean,,,,,AtomicTag,Ignition OPC UA Server,,
opc,Edge Historian,1,Alarm 3.17,,Low,Value,ns=1;s=[ARTNS]FAULT_3.17,Boolean,,,,,AtomicTag,Ignition OPC UA Server,,
opc,Edge Historian,1,Alarm 3.18,,Low,Value,ns=1;s=[ARTNS]FAULT_3.18,Boolean,,,,,AtomicTag,Ignition OPC UA Server,,
opc,Edge Historian,1,Alarm 3.19,,Low,Value,ns=1;s=[ARTNS]FAULT_3.19,Boolean,,,,,AtomicTag,Ignition OPC UA Server,,
opc,Edge Historian,1,Alarm 3.20,,Low,Value,ns=1;s=[ARTNS]FAULT_3.20,Boolean,,,,,AtomicTag,Ignition OPC UA Server,,
opc,Edge Historian,1,Alarm 3.21,,Low,Value,ns=1;s=[ARTNS]FAULT_3.21,Boolean,,,,,AtomicTag,Ignition OPC UA Server,,
opc,Edge Historian,1,Alarm 3.22,,Low,Value,ns=1;s=[ARTNS]FAULT_3.22,Boolean,,,,,AtomicTag,Ignition OPC UA Server,,
opc,Edge Historian,1,Alarm 3.23,,Low,Value,ns=1;s=[ARTNS]FAULT_3.23,Boolean,,,,,AtomicTag,Ignition OPC UA Server,,
opc,Edge Historian,1,Alarm 3.24,,Low,Value,ns=1;s=[ARTNS]FAULT_3.24,Boolean,,,,,AtomicTag,Ignition OPC UA Server,,
opc,Edge Historian,1,Alarm 3.25,,Low,Value,ns=1;s=[ARTNS]FAULT_3.25,Boolean,,,,,AtomicTag,Ignition OPC UA Server,,
opc,Edge Historian,1,Alarm 3.26,,Low,Value,ns=1;s=[ARTNS]FAULT_3.26,Boolean,,,,,AtomicTag,Ignition OPC UA Server,,
opc,Edge Historian,1,Alarm 3.27,,Low,Value,ns=1;s=[ARTNS]FAULT_3.27,Boolean,,,,,AtomicTag,Ignition OPC UA Server,,
opc,Edge Historian,1,Alarm 3.28,,Low,Value,ns=1;s=[ARTNS]FAULT_3.28,Boolean,,,,,AtomicTag,Ignition OPC UA Server,,
opc,Edge Historian,1,Alarm 3.29,,Low,Value,ns=1;s=[ARTNS]FAULT_3.29,Boolean,,,,,AtomicTag,Ignition OPC UA Server,,
opc,Edge Historian,1,Alarm 3.30,,Low,Value,ns=1;s=[ARTNS]FAULT_3.30,Boolean,,,,,AtomicTag,Ignition OPC UA Server,,
opc,Edge Historian,1,Alarm 3.31,,Low,Value,ns=1;s=[ARTNS]FAULT_3.31,Boolean,,,,,AtomicTag,Ignition OPC UA Server,,
